Roll No,Name,Sub1,Sub2,Sub3,Sub4,Sub5
Roll No,Name,Sub1,Sub2,Sub3,Sub4,Sub5
Roll No,Name,Sub1,Sub2,Sub3,Sub4,Sub5
Roll No,Name,Sub1,Sub2,Sub3,Sub4,Sub5
Roll No,Name,Sub1,Sub2,Sub3,Sub4,Sub5
Roll No,Name,Sub1,Sub2,Sub3,Sub4,Sub5
Roll No,Name,Sub1,Sub2,Sub3,Sub4,Sub5
Roll No,Name,Sub1,Sub2,Sub3,Sub4,Sub5
Roll No,Name,Sub1,Sub2,Sub3,Sub4,Sub5
Roll No,Name,Sub1,Sub2,Sub3,Sub4,Sub5
Roll No,Name,Sub1,Sub2,Sub3,Sub4,Sub5
Roll No,Name,Sub1,Sub2,Sub3,Sub4,Sub5
Roll No,Name,Sub1,Sub2,Sub3,Sub4,Sub5
Roll No,Name,Sub1,Sub2,Sub3,Sub4,Sub5
Roll No,Name,Sub1,Sub2,Sub3,Sub4,Sub5
Roll No,Name,Sub1,Sub2,Sub3,Sub4,Sub5
